,Optimal,Christofides Heuristic,Swap Heuristic,2-Opt Heuristic,Greedy Heuristic
Distance,2579.0,3084.659294677032,2815.321470572474,2774.94224781221,3148.109934934404
