,Optimal,Christofides Heuristic,Swap Heuristic,2-Opt Heuristic,Greedy Heuristic
Distance,33523.0,40021.11364060544,121411.43322336308,34843.338361999704,40526.42105630375
